{
  "hash": "31cfc381",
  "configHash": "bd297343",
  "lockfileHash": "422fa777",
  "browserHash": "1c88f2e0",
  "optimized": {
    "@angular/common": {
      "src": "../../../../../node_modules/@angular/common/fesm2022/common.mjs",
      "file": "@angular_common.js",
      "fileHash": "f19c6fdb",
      "needsInterop": false
    },
    "@angular/common/http": {
      "src": "../../../../../node_modules/@angular/common/fesm2022/http.mjs",
      "file": "@angular_common_http.js",
      "fileHash": "c9d9a023",
      "needsInterop": false
    },
    "@angular/core": {
      "src": "../../../../../node_modules/@angular/core/fesm2022/core.mjs",
      "file": "@angular_core.js",
      "fileHash": "74727130",
      "needsInterop": false
    },
    "@angular/forms": {
      "src": "../../../../../node_modules/@angular/forms/fesm2022/forms.mjs",
      "file": "@angular_forms.js",
      "fileHash": "292fd549",
      "needsInterop": false
    },
    "@angular/platform-browser": {
      "src": "../../../../../node_modules/@angular/platform-browser/fesm2022/platform-browser.mjs",
      "file": "@angular_platform-browser.js",
      "fileHash": "585f50b4",
      "needsInterop": false
    },
    "@angular/router": {
      "src": "../../../../../node_modules/@angular/router/fesm2022/router.mjs",
      "file": "@angular_router.js",
      "fileHash": "a7309eb7",
      "needsInterop": false
    }
  },
  "chunks": {
    "chunk-OTD7XUPS": {
      "file": "chunk-OTD7XUPS.js"
    },
    "chunk-WK7XJOSB": {
      "file": "chunk-WK7XJOSB.js"
    },
    "chunk-33UENKCN": {
      "file": "chunk-33UENKCN.js"
    },
    "chunk-T4EO7UJD": {
      "file": "chunk-T4EO7UJD.js"
    }
  }
}